order_hint,url,title,description,document_type,source,es_score,current_score,confidence,p1_keep,p2_keep,p1_reason,primary_topic,seed_label,content_hash,govuk_link,label,rationale
1,https://www.gov.uk/government/speeches/financial-secretarys-speech-to-the-charity-finance-group,Financial Secretary's speech to the Charity Finance Group,,speech,both,0.0013565356,0.0,Wrong sense,0,,"The page discusses tax policies and reliefs for charities, not probate-specific policies, procedures, and rules.",Tax relief policies for charities,,093046f194f5074a3028385001922eed3ea59010e104b096dec2faedc4884c1d,https://www.gov.uk/government/speeches/financial-secretarys-speech-to-the-charity-finance-group,,
2,https://www.gov.uk/government/publications/disguised-remuneration-settlement-terms-2020,Disguised remuneration settlement terms 2020,,guidance,search,0.006143471,0.0,Wrong sense,0,,"The page is about settling tax liabilities in disguised remuneration schemes, not about probate-specific policies, procedures, or rules.",Disguised remuneration scheme settlement guidance,,805bd18cb29202cf644ab018c3cfb6b3220f39d7a3e9e82a338d011b26d64253,https://www.gov.uk/government/publications/disguised-remuneration-settlement-terms-2020,,
3,https://www.gov.uk/government/publications/agent-update-issue-146/issue-146-of-agent-update,Issue 146 of Agent Update,,guidance,both,0.005367663,0.55,Discussed a moderate amount,1,1,"Page contains multiple passages about probate-specific rules and procedures, particularly regarding excepted estates, IHT reporting requirements, and when to submit IHT400 forms, representing a moderate portion of the content.",Tax and inheritance tax updates for agents,should_include,6c92d1f366f3f88c7514ab589fb2b58be8660e346357010fa1dad1e41fa88662,https://www.gov.uk/government/publications/agent-update-issue-146/issue-146-of-agent-update,,
4,https://www.gov.uk/government/publications/hm-revenue-and-customs-trusts-and-estates-newsletters/hmrc-trusts-and-estates-newsletter-march-2024,HMRC Trusts and Estates Newsletter: March 2024,,guidance,shortlister,,0.6,Discussed a moderate amount,1,1,"The page contains multiple probate-specific procedures and rules in the body sections about applying for probate and Inheritance Tax processes, though the page is mainly a broader newsletter covering various tax changes.",HMRC Trusts and Estates Newsletter March 2024,should_include,3eabb6add367f5427ef6eb0cb42637510e1fb4b6d26a368e780527c45dd50eda,https://www.gov.uk/government/publications/hm-revenue-and-customs-trusts-and-estates-newsletters/hmrc-trusts-and-estates-newsletter-march-2024,,
5,https://www.gov.uk/government/publications/inheritance-tax-guaranteed-annuity-calculator,Inheritance Tax guaranteed annuity calculator,Use this calculator to help you work out an estimated market value of guaranteed annuity payments when valuing assets of the deceased’s estate.,guidance,both,0.032909736,0.7,Major focus,1,1,"The page relates to probate procedures by providing a calculator tool for valuing estate assets and instructions to attach results to the IHT400 form, which is a probate-specific document.",Inheritance Tax guaranteed annuity calculator tool,should_include,4d0438ce857194bf0319cacbe8d09eb6215323d87c7866b0cf5c9483ca46cbe1,https://www.gov.uk/government/publications/inheritance-tax-guaranteed-annuity-calculator,,
6,https://www.gov.uk/government/publications/capital-taxation-and-tax-exempt-heritage-assets/guidance-on-capital-taxation-and-the-national-heritage,Guidance on capital taxation and the national heritage,,guidance,shortlister,,0.8,Major focus,1,1,"The page is substantially about probate-specific policies, procedures and rules for Inheritance Tax reliefs on national heritage property, including claims processes, undertakings, monitoring, and conditional exemption arrangements.",Inheritance Tax reliefs and procedures for national heritage property,should_include,f314edec397a8793023465abcad6b45e9d396a7acc2c538e4d02f8a23a3812ff,https://www.gov.uk/government/publications/capital-taxation-and-tax-exempt-heritage-assets/guidance-on-capital-taxation-and-the-national-heritage,,
7,https://www.gov.uk/government/publications/relief-for-gifts-and-similar-transactions-hs295-self-assessment-helpsheet/hs295-relief-for-gifts-and-similar-transactions-2025,HS295 Relief for gifts and similar transactions (2025),,guidance,both,0.0071281763,0.3,Mentioned in passing,1,0,"The page mentions probate once in a reference to the Inheritance Tax and Probate Helpline, but the page is mainly about CGT relief rules and procedures for gifts, not probate-specific policies, procedures and rules.",Capital gains tax relief for gifts and transactions,should_include,081ba6f50d53a0a5543a46cea776a99b99e978feb91163d46816150625711cca,https://www.gov.uk/government/publications/relief-for-gifts-and-similar-transactions-hs295-self-assessment-helpsheet/hs295-relief-for-gifts-and-similar-transactions-2025,,
8,https://www.gov.uk/government/publications/general-information-about-compliance-checks-ccfs1a/about-compliance-checks-ccfs1a,About compliance checks — CC/FS1a,,guidance,shortlister,,0.0,Wrong sense,0,,"The page concerns tax compliance checks by HMRC, not probate-specific policies, procedures, and rules as described in the INCLUDE topic.",HMRC compliance checks procedures and rules,,cf7a1627c66e3c3394fa10048d79e633d9b03df5d9c60335506889b7639626ca,https://www.gov.uk/government/publications/general-information-about-compliance-checks-ccfs1a/about-compliance-checks-ccfs1a,,
9,https://www.gov.uk/government/publications/follower-notices-and-accelerated-payments/follower-notices-and-accelerated-payments,Follower notices and accelerated payments,,guidance,both,0.0022112872,0.0,Wrong sense,0,,"The page concerns tax avoidance enforcement procedures and penalties, not probate-specific policies, procedures, or rules.",Follower notices and accelerated payments for tax avoidance,,96c87ece6f4e8ccc747c7c9ce972032837bd09284951e1765f9f1bd99cf143c3,https://www.gov.uk/government/publications/follower-notices-and-accelerated-payments/follower-notices-and-accelerated-payments,,
10,https://www.gov.uk/government/publications/agent-update-issue-144/issue-144-of-agent-update,Issue 144 of agent update ,,guidance,both,0.004819042,0.5,Discussed a moderate amount,1,1,"The page contains multiple sections specifically about probate-related Inheritance Tax procedures and rules, including form requirements and excepted estates reporting, though these sections comprise only part of a broader technical update document.",Technical updates and reminders for tax agents,should_include,af1ac504d55a7d7ed7d97e3a232e2217b981d128d1b16f43a603a4bb704c3880,https://www.gov.uk/government/publications/agent-update-issue-144/issue-144-of-agent-update,,
11,https://www.gov.uk/government/publications/hm-revenue-and-customs-trusts-and-estates-newsletters/hmrc-trusts-and-estates-newsletter-april-2025,HMRC Trusts and Estates Newsletter: April 2025,,guidance,shortlister,,0.65,Discussed a moderate amount,1,1,"Multiple sections cover probate and trust-specific policies, procedures and rules including TRS registration requirements, IHT form completion, personal representative procedures, and trust administration requirements.",HMRC Trusts and Estates Newsletter April 2025,should_include,1515ed4f5d77558b2a3399bf13c5d3e51d82740fc03ccf61db08c7b982703666,https://www.gov.uk/government/publications/hm-revenue-and-customs-trusts-and-estates-newsletters/hmrc-trusts-and-estates-newsletter-april-2025,,
12,https://www.gov.uk/government/publications/rates-and-allowances-hmrc-interest-rates-for-late-and-early-payments/rates-and-allowances-hmrc-interest-rates,HMRC interest rates for late and early payments,,guidance,both,0.0024458468,0.8,Major focus,1,0,"The page is primarily about HMRC interest rate policies and procedures set by legislation, including a specific section on Inheritance Tax which relates to probate matters, though probate is not the main focus of the page.",HMRC interest rates for late and early payments,should_include,9b09e2627f52b5124c04d619bb54b16c6973fd583e25af09f09dcb4e3beeb923,https://www.gov.uk/government/publications/rates-and-allowances-hmrc-interest-rates-for-late-and-early-payments/rates-and-allowances-hmrc-interest-rates,,
13,https://www.gov.uk/government/publications/hm-revenue-and-customs-trusts-and-estates-newsletters/hmrc-trusts-and-estates-newsletter-february-2026,HMRC Trusts and Estates Newsletter: February 2026,,guidance,shortlister,,0.8,Major focus,1,1,"The page extensively covers probate-specific policies, procedures and rules relating to Inheritance Tax administration, estate reporting requirements, and personal representative responsibilities in handling deceased estates.",HMRC trusts and estates tax updates and procedures,should_include,8a0d2465e64e753557b7d6a2ddaa41c1b2f049f0181157cb11be7ba066e1b98c,https://www.gov.uk/government/publications/hm-revenue-and-customs-trusts-and-estates-newsletters/hmrc-trusts-and-estates-newsletter-february-2026,,
14,https://www.gov.uk/government/publications/agent-update-issue-114/issue-114-of-agent-update,Issue 114 of agent update,,guidance,both,0.0012547682,0.15,Mentioned in passing,1,0,"The page contains one passing mention of probate-related content (returns for deceased persons and estates) but this represents only a minor section heading with no substantive content about probate policies, procedures or rules.",Technical updates and reminders for UK tax agents,should_include,e7449f0d66ba6c9b21c34fa02ce498cca4ecb8fb14559960e6a1cc1670e16ea9,https://www.gov.uk/government/publications/agent-update-issue-114/issue-114-of-agent-update,,
15,https://www.gov.uk/government/publications/pension-schemes-newsletter-181-may-2026/newsletter-181-may-2026,Newsletter 181 — May 2026,,guidance,shortlister,,0.0,Wrong sense,0,,"The page concerns pension scheme administration policies and procedures, not probate-specific policies, procedures and rules.",Pension schemes administration updates and policy changes,should_include,45908db902557607600c36069064e6135120c27d2035200333c6fd7667014b3a,https://www.gov.uk/government/publications/pension-schemes-newsletter-181-may-2026/newsletter-181-may-2026,,
16,https://www.gov.uk/government/publications/notes-on-finance-bill-resolutions-2021/notes-on-finance-bill-resolutions-2021,Notes on Finance Bill resolutions 2021,,guidance,both,0.002270767,0.0,Wrong sense,0,,"The page concerns tax policy resolutions and legislation, not probate-specific policies, procedures and rules.",Finance Bill 2021 tax resolutions,,f65a8d883054961a87ceb4a818bd461bd604c3e8e1027d9c36cac9ac182cd584,https://www.gov.uk/government/publications/notes-on-finance-bill-resolutions-2021/notes-on-finance-bill-resolutions-2021,,
17,https://www.gov.uk/government/publications/hm-revenue-and-customs-trusts-and-estates-newsletters/hmrc-trusts-and-estates-newsletter-august-2024,HMRC Trusts and Estates Newsletter: August 2024,,guidance,shortlister,,0.6,Discussed a moderate amount,1,1,"The page contains multiple distinct sections on probate-specific procedures and rules (probate application processes, unique codes, form requirements), though probate is not the main focus of the entire newsletter, which covers broader trusts and estates topics.",HMRC Trusts and Estates Newsletter August 2024,should_include,ed36658eb31b5fddbfd7a17656f775311d1938349741238e884ea653ffc04bd3,https://www.gov.uk/government/publications/hm-revenue-and-customs-trusts-and-estates-newsletters/hmrc-trusts-and-estates-newsletter-august-2024,,
18,https://www.gov.uk/government/publications/inheritance-tax-notes-for-completion-of-forms-c1-and-c5-c3-2004,Inheritance Tax: notes for completion of forms C1 and C5 (C3 (2004)),Use C3 (2004) notes to help you complete forms C1 confirmation and C5 return of estate information if the deceased died on or after 1 November 2004 but before 1 September 2006.,guidance,both,0.023238884,0.8,Major focus,1,1,The page is about probate-specific procedures and rules for completing inheritance tax forms that must be followed during estate administration.,Inheritance Tax forms completion notes for probate,should_include,2eac56701cb5aee7e7b439ffea94387b98a174f5233286100bbbfaf97ed7b40b,https://www.gov.uk/government/publications/inheritance-tax-notes-for-completion-of-forms-c1-and-c5-c3-2004,,
19,https://www.gov.uk/government/publications/hm-revenue-and-customs-trusts-and-estates-newsletters/hmrc-trusts-and-estates-newsletter-august-2026,HMRC Trusts and Estates Newsletter: August 2026,,guidance,shortlister,,0.8,Major focus,1,1,"The page contains multiple sections on probate-specific policies, procedures and rules including excepted estates, nil rate band allowances, IHT reporting requirements, and Trust Registration Service changes that practitioners must follow.",HMRC Trusts and Estates Newsletter updates,should_include,321ae34ec31765380b8035f093e2bc5c7294578539f1ac835bbbc61d1071e56a,https://www.gov.uk/government/publications/hm-revenue-and-customs-trusts-and-estates-newsletters/hmrc-trusts-and-estates-newsletter-august-2026,,
20,https://www.gov.uk/government/publications/agent-update-issue-122/issue-122-of-agent-update,Issue 122 of Agent Update ,,guidance,both,0.0013331829,0.15,Mentioned in passing,1,0,"The page contains one section mentioning probate-related procedures (P1000 form for estate administration), but this is a minor part of a much longer document primarily about tax updates and HMRC operational changes.",Technical updates and tax reminders for agents,should_include,5a4511bba4fe688554ca3a2055f00e1048acf7989d5cdc099a4237604a85de69,https://www.gov.uk/government/publications/agent-update-issue-122/issue-122-of-agent-update,,
21,https://www.gov.uk/government/publications/compliance-checks-financial-institution-notice-ccfs60/compliance-checks-financial-institution-notice-ccfs60,Compliance checks: financial institution notice — CC/FS60,,guidance,shortlister,,0.0,Wrong sense,0,,"The page concerns tax compliance procedures and HMRC notices, not probate-specific policies, procedures, or rules.",HMRC financial institution notice procedures,,0ce8c966a4f343dc383c1cad3ca1b3f58cc838dc29c1df5a704dc0a9de179f8c,https://www.gov.uk/government/publications/compliance-checks-financial-institution-notice-ccfs60/compliance-checks-financial-institution-notice-ccfs60,,
22,https://www.gov.uk/government/publications/compliance-checks-penalties-for-enablers-of-defeated-tax-avoidance-ccfs43/compliance-checks-penalties-for-enablers-of-defeated-tax-avoidance-ccfs43,Compliance checks: penalties for enablers of defeated tax avoidance — CC/FS43,,guidance,both,0.0022933607,0.0,Wrong sense,0,,"This page concerns tax compliance penalties for tax avoidance enablers, not probate-specific policies, procedures and rules.",Tax avoidance enabler penalties,,4c377df14ec851eace396ad8ea4c7ab85bf9b7548cc8597ad369f0595f759bf1,https://www.gov.uk/government/publications/compliance-checks-penalties-for-enablers-of-defeated-tax-avoidance-ccfs43/compliance-checks-penalties-for-enablers-of-defeated-tax-avoidance-ccfs43,,
23,https://www.gov.uk/government/publications/agent-update-issue-116/issue-116-of-agent-update,Issue 116 of agent update,,guidance,both,0.0021315468,0.15,Mentioned in passing,1,0,"The page mentions probate in relation to Inheritance Tax as one item in a list of topics, but probate-specific policies, procedures and rules are not discussed or covered in the visible content.",Technical updates and reminders for tax agents,should_include,59a086dcd8ab6bc4a89912dc071badaf0b3d1c7fd6aee1c41c7e07758b9e0814,https://www.gov.uk/government/publications/agent-update-issue-116/issue-116-of-agent-update,,
24,https://www.gov.uk/government/publications/general-information-about-checks-by-compliance-centres-ccfs1b/general-information-about-checks-by-campaigns-and-projects,General information about checks by Campaigns and Projects,,guidance,shortlister,,0.0,Wrong sense,0,,"The page concerns tax compliance checks by HMRC, not probate-specific policies, procedures and rules.",HMRC compliance checks procedures and rights,,c1ac95e4d4c0ce0419675b744a5bf6a3155408ba585f5bc31ee04ee0a7890e9d,https://www.gov.uk/government/publications/general-information-about-checks-by-compliance-centres-ccfs1b/general-information-about-checks-by-campaigns-and-projects,,
25,https://www.gov.uk/government/publications/voa-litigation-and-settlement-strategy/voa-litigation-and-settlement-strategy,VOA Litigation and Settlement Strategy,,guidance,both,0.0019298004,0.0,Wrong sense,0,,"The page concerns non-domestic rating and council tax disputes, not probate; probate is not mentioned anywhere in the visible text.",VOA litigation and settlement strategy for rating and council tax disputes,,f5507ee4c4a5a84188b79586bce299bb582d9b2400f02873eb11fcfbe3d0fa0e,https://www.gov.uk/government/publications/voa-litigation-and-settlement-strategy/voa-litigation-and-settlement-strategy,,
26,https://www.gov.uk/government/publications/agent-update-issue-112/issue-112-of-agent-update,Issue 112 of Agent update,,guidance,both,0.0019107539,0.15,Mentioned in passing,1,0,"Probate is mentioned once in passing regarding HMRC service changes, not as the main focus of policies, procedures and rules.",Tax updates and guidance for agents,should_include,cf34bc00d86fde3208a56318a23bc974d78787ff1e17c7940dd5826a047a8cf3,https://www.gov.uk/government/publications/agent-update-issue-112/issue-112-of-agent-update,,
27,https://www.gov.uk/government/publications/technical-briefing-on-foreign-domiciled-personsinheritance-tax-residential-property-changes/technical-briefing-on-foreign-domiciled-personsinheritance-tax-residential-property-changes,Technical briefing on foreign domiciled persons/Inheritance Tax residential property changes,,guidance,shortlister,,0.0,Wrong sense,0,,"The page concerns Inheritance Tax policy and rules for non-domiciled individuals, not probate-specific policies, procedures and rules that need to be followed.",Inheritance Tax rules for foreign domiciled persons owning UK residential property,should_include,9e286598ebeaf132ee6a8ab023c426b64522d6d051715abcc1c9052918826448,https://www.gov.uk/government/publications/technical-briefing-on-foreign-domiciled-personsinheritance-tax-residential-property-changes/technical-briefing-on-foreign-domiciled-personsinheritance-tax-residential-property-changes,,
28,https://www.gov.uk/government/publications/requirement-to-correct/original-requirement-to-correct-guidance,Original requirement to correct guidance,,guidance,both,0.00362243,0.0,Wrong sense,0,,"The page concerns tax compliance procedures and penalties related to offshore income disclosure, not probate-specific policies, procedures and rules.",Requirement to Correct offshore tax compliance rule,,31d89f3b14b6a632ce09e3d690be8aa61b76a6ed232ff9f7ea919c84776f53d3,https://www.gov.uk/government/publications/requirement-to-correct/original-requirement-to-correct-guidance,,
29,https://www.gov.uk/government/publications/summer-budget-2015-hm-revenue-and-customs-overview/summer-budget-2015-hm-revenue-and-customs-overview,Summer Budget 2015: HM Revenue and Customs overview,,guidance,both,0.0018074062,0.2,Mentioned in passing,1,0,"The page mentions Inheritance Tax (IHT) policies related to probate (passing assets on death), but this is only a small section of a much broader budget overview document.",Summer Budget 2015 tax and welfare policy changes,should_include,410d96ee8c1c155e14b8f7b1575d93accff75e14d6d042a923a21240d8aa77b4,https://www.gov.uk/government/publications/summer-budget-2015-hm-revenue-and-customs-overview/summer-budget-2015-hm-revenue-and-customs-overview,,
30,https://www.gov.uk/government/publications/rates-and-allowances-inheritance-tax-thresholds,Rates and allowances: Inheritance Tax thresholds,Inheritance Tax thresholds (or 'nil rate bands') from 1914.,guidance,shortlister,,0.0,Wrong sense,0,,"The page concerns Inheritance Tax thresholds and rates, not probate-specific policies, procedures, and rules that need to be followed.",Inheritance Tax thresholds from 1914,should_include,d723dd732a9da2bdd775dc06465a294746e64886cb89499a20f15398e22ba2cd,https://www.gov.uk/government/publications/rates-and-allowances-inheritance-tax-thresholds,,
31,https://www.gov.uk/government/publications/pension-schemes-newsletter-75-january-2016/pension-schemes-newsletter-75-january-2016,Pension schemes newsletter 75 - January 2016,,guidance,both,0.0032997942,0.0,Wrong sense,0,,"The page concerns pension scheme tax rules and administration procedures, not probate-specific policies, procedures, and rules.",Pension schemes policies and tax regulations,should_include,53952f6a8e00e60b6b0140df9cdd19ca6fd2037a5d81cbf179367daf79606814,https://www.gov.uk/government/publications/pension-schemes-newsletter-75-january-2016/pension-schemes-newsletter-75-january-2016,,
32,https://www.gov.uk/government/publications/compliance-checks-penalties-for-tax-avoidance-schemes-ccfs30a/tax-avoidance-schemes-penalties-for-follower-notices,Tax avoidance schemes — penalties for follower notices,,guidance,shortlister,,0.0,Wrong sense,0,,"This page concerns tax penalties and compliance procedures, not probate-specific policies, procedures or rules.",Tax avoidance scheme penalties for follower notices,should_include,ce1ca903cf4594d898266bd786cb0981b8dedde5dba814b695d84a471d31a08e,https://www.gov.uk/government/publications/compliance-checks-penalties-for-tax-avoidance-schemes-ccfs30a/tax-avoidance-schemes-penalties-for-follower-notices,,
33,https://www.gov.uk/government/publications/pension-schemes-newsletter-181-may-2026,Pension schemes newsletter 181 — May 2026,,guidance,both,0.0059126336,0.0,Wrong sense,0,,"The page is about pension schemes and tax matters, not probate-specific policies, procedures and rules.",Pension schemes newsletter update,should_include,b6ff4c7c16de3b40ad2936edda7048fb489741643821ef329f2a2a97a174792f,https://www.gov.uk/government/publications/pension-schemes-newsletter-181-may-2026,,
34,https://www.gov.uk/government/publications/compliance-checks-tax-avoidance-schemes-follower-notices-except-partnerships-ccfs25a/tax-avoidance-schemes-follower-notices-and-accelerated-payments,Tax avoidance schemes — follower notices and accelerated payments,,guidance,shortlister,,0.0,Wrong sense,0,,"The page concerns tax avoidance legislation and procedures, not probate-specific policies, procedures and rules.",Tax avoidance schemes: follower notices and accelerated payments,,62f85b48183513364095b1b1311e28d87f1e94b2deecd44f5fb0c52d777589cd,https://www.gov.uk/government/publications/compliance-checks-tax-avoidance-schemes-follower-notices-except-partnerships-ccfs25a/tax-avoidance-schemes-follower-notices-and-accelerated-payments,,
35,https://www.gov.uk/government/publications/charities-newsletter-1-june-2023/newsletter-1-june-2023,Newsletter 1 — June 2023,,guidance,both,0.0034487878,0.0,Wrong sense,0,,"The page is about charity tax reliefs, Gift Aid, and compliance matters, not about probate-specific policies, procedures, and rules.",HMRC charities newsletter on tax reliefs and compliance,,fb076f6de93be5e4febb7de5207fa0c0bd6dd95e63b850501e1e67163f0385ed,https://www.gov.uk/government/publications/charities-newsletter-1-june-2023/newsletter-1-june-2023,,
36,https://www.gov.uk/government/publications/rates-and-allowances-inheritance-tax-thresholds-and-interest-rates/inheritance-tax-thresholds-and-interest-rates,Inheritance Tax thresholds and interest rates,,guidance,shortlister,,0.0,Wrong sense,0,,"Page contains Inheritance Tax information but does not address probate-specific policies, procedures, or rules that need to be followed.",Inheritance Tax thresholds and interest rates,should_include,0cfe466726ee5d8f2b214861c8695fc37d7643822c593192b125221c1bcbf8c0,https://www.gov.uk/government/publications/rates-and-allowances-inheritance-tax-thresholds-and-interest-rates/inheritance-tax-thresholds-and-interest-rates,,
37,https://www.gov.uk/government/publications/death-personal-representatives-and-legatees-hs282-self-assessment-helpsheet/hs282-death-personal-representatives-and-legatees-2023,"HS282 Death, personal representatives and legatees (2023)",,guidance,both,0.0066408236,0.0,Wrong sense,0,,"The page concerns tax calculations and procedures for CGT in probate situations, not probate-specific policies, procedures and rules about the probate process itself.",Capital Gains Tax for deceased persons and personal representatives,should_include,6b772feac20013dbffe9d05d0a13e0867bd7bd3ac58e4f99d8f35b9aa4e9f8e5,https://www.gov.uk/government/publications/death-personal-representatives-and-legatees-hs282-self-assessment-helpsheet/hs282-death-personal-representatives-and-legatees-2023,,
38,https://www.gov.uk/government/publications/tax-on-contractor-loans/tax-on-contractor-loans,Tax on contractor loans,,guidance,shortlister,,0.0,Wrong sense,0,,"The page concerns tax avoidance arrangements and settlement procedures, not probate-specific policies, procedures, and rules.",Contractor loan scheme tax settlement opportunity,,1e8a076dd5a1e68f839b8875be11e050535580f5ab86059d6e0b76ea6b268aac,https://www.gov.uk/government/publications/tax-on-contractor-loans/tax-on-contractor-loans,,
39,https://www.gov.uk/government/publications/death-personal-representatives-and-legatees-hs282-self-assessment-helpsheet/hs282-death-personal-representatives-and-legatees-2025,"HS282 Death, personal representatives and legatees (2025)",,guidance,both,0.0066408236,0.0,Wrong sense,0,,"This page is about Capital Gains Tax (CGT) calculations and procedures for deceased persons and their estates, not probate-specific policies, procedures and rules that need to be followed in the described sense.",Capital Gains Tax rules when someone dies,should_include,bd1bb68a6914ce24601efd10e8588a2433f090875a09ecfee8394294c58ebf35,https://www.gov.uk/government/publications/death-personal-representatives-and-legatees-hs282-self-assessment-helpsheet/hs282-death-personal-representatives-and-legatees-2025,,
40,https://www.gov.uk/government/publications/compliance-checks-tax-avoidance-schemes-follower-notices-and-accelerated-payments-for-income-tax-and-nics-through-paye-ccfs27/avoidance-schemes-follower-notices-and-accelerated-payments-for-income-tax-and-national-insurance-contributions-through-paye,Avoidance schemes – follower notices and accelerated payments for Income Tax and National Insurance contributions through PAYE,,guidance,shortlister,,0.0,Wrong sense,0,,"The page concerns tax avoidance, follower notices and accelerated payments for income tax and NICs, not probate-specific policies, procedures and rules.","Tax avoidance schemes, follower notices and accelerated payments",,05c07d26a54fcd3a2fec183acaf26ae4b6d514c16c5eec20e7d914da6e0cabb2,https://www.gov.uk/government/publications/compliance-checks-tax-avoidance-schemes-follower-notices-and-accelerated-payments-for-income-tax-and-nics-through-paye-ccfs27/avoidance-schemes-follower-notices-and-accelerated-payments-for-income-tax-and-national-insurance-contributions-through-paye,,
41,https://www.gov.uk/government/publications/trusts-and-capital-gains-tax-hs294-self-assessment-helpsheet/hs294-trusts-and-capital-gains-tax-2024,HS294 Trusts and Capital Gains Tax (2024),,guidance,both,0.0056039053,0.0,Wrong sense,0,,"The page concerns Capital Gains Tax rules for trusts, not probate-specific policies, procedures and rules.",Capital Gains Tax treatment of trusts,should_include,8500b230812ed4852f8a7552f11b8069e4fe0f55ff6562393cb2026a0d6f63fe,https://www.gov.uk/government/publications/trusts-and-capital-gains-tax-hs294-self-assessment-helpsheet/hs294-trusts-and-capital-gains-tax-2024,,
42,https://www.gov.uk/government/publications/hm-revenue-and-customs-trusts-and-estates-newsletters/hmrc-trusts-and-estates-newsletter-august-2025,HMRC Trusts and Estates Newsletter: August 2025,,guidance,shortlister,,0.0,Wrong sense,0,,"The page discusses tax reforms, policies, and procedures for trusts and estates but contains no probate-specific content relating to probate policies, procedures, or rules.",HMRC Trusts and Estates Newsletter August 2025,should_include,8d2d4ec7c9467624f80ff9c6ac56783d5d78b3b73700d7976c7746d97b222d6a,https://www.gov.uk/government/publications/hm-revenue-and-customs-trusts-and-estates-newsletters/hmrc-trusts-and-estates-newsletter-august-2025,,
43,https://www.gov.uk/government/publications/relief-for-gifts-and-similar-transactions-hs295-self-assessment-helpsheet/hs295-relief-for-gifts-and-similar-transactions-2026,HS295 Relief for gifts and similar transactions (2026),,guidance,both,0.0071281763,0.0,Wrong sense,0,,"The page is about CGT rules for gifts, not probate-specific policies, procedures and rules; probate is only mentioned as a contact reference.",Capital Gains Tax relief for gifts and transfers,should_include,87386e0a00d48a541caac6fd57af99bd5ee791c5498aa13d1fa7043220789132,https://www.gov.uk/government/publications/relief-for-gifts-and-similar-transactions-hs295-self-assessment-helpsheet/hs295-relief-for-gifts-and-similar-transactions-2026,,
44,https://www.gov.uk/government/publications/health-and-wellbeing-tax-plan-your-guide-to-making-a-disclosure/health-and-wellbeing-tax-plan-your-guide-to-making-a-disclosure,Health and Wellbeing Tax Plan: Your guide to making a disclosure,,guidance,shortlister,,0.0,Wrong sense,0,,"The page concerns tax disclosure procedures and penalties, not probate-specific policies, procedures, and rules.",Health and Wellbeing Tax Plan voluntary disclosure,should_include,68bfc21b09da1e857fd5d901f7aaa64d179be9652a419c420bc260b3c8d23daf,https://www.gov.uk/government/publications/health-and-wellbeing-tax-plan-your-guide-to-making-a-disclosure/health-and-wellbeing-tax-plan-your-guide-to-making-a-disclosure,,
45,https://www.gov.uk/government/publications/compliance-checks-tax-avoidance-schemes-accelerated-payments-ccfs26/avoidance-schemes-accelerated-payments-for-income-tax-and-national-insurance-contributions-through-paye-ccfs26,Avoidance schemes – accelerated payments for Income Tax and National Insurance contributions through PAYE CC/FS26,,guidance,both,0.0020131452,0.0,Wrong sense,0,,"The page concerns tax avoidance schemes and accelerated payment procedures, not probate-specific policies, procedures and rules.",Accelerated payments for tax avoidance scheme users,,9e5283def3f527e16712540117cba7d797eae811e4e847e850f2b6f48299ba3c,https://www.gov.uk/government/publications/compliance-checks-tax-avoidance-schemes-accelerated-payments-ccfs26/avoidance-schemes-accelerated-payments-for-income-tax-and-national-insurance-contributions-through-paye-ccfs26,,
46,https://www.gov.uk/government/publications/inheritance-tax-service-availability-and-issues/inheritance-tax-service-availability-and-issues,Inheritance Tax — service availability and issues,,guidance,shortlister,,0.0,Wrong sense,0,,"The page concerns Inheritance Tax service status and availability, not probate-specific policies, procedures, or rules that need to be followed.",Inheritance Tax service availability status,,ae0835f0ad6978352fcbf9622547656c8d729ea644165c0faffeea0f54267d87,https://www.gov.uk/government/publications/inheritance-tax-service-availability-and-issues/inheritance-tax-service-availability-and-issues,,
47,https://www.gov.uk/government/publications/gaar-advisory-panel-opinion-of-13-january-2023-extraction-of-value-from-an-estate-using-options-by-utilising-property-which-is-not-excluded-propert,"GAAR Advisory Panel opinion of 13 January 2023: Extraction of value from an estate, using options, by utilising property which is not excluded property for Inheritance Tax purposes","Use the GAAR Advisory Panel opinion on the extraction of value from an estate, using options, by utilising property which is not excluded property, to help you recognise when arrangements may be abusive tax arrangements.",guidance,both,0.014309691,0.0,Wrong sense,0,,"The page concerns tax arrangements and anti-abuse rules, not probate-specific policies, procedures, and rules that need to be followed.",GAAR Advisory Panel opinion on estate value extraction,should_include,6cc31dde375b8917646b6c91229feb9112bb0a0f930318c89d75b8f6e8c9b73a,https://www.gov.uk/government/publications/gaar-advisory-panel-opinion-of-13-january-2023-extraction-of-value-from-an-estate-using-options-by-utilising-property-which-is-not-excluded-propert,,
48,https://www.gov.uk/government/publications/second-incomes-campaign-your-guide-to-making-a-disclosure/second-incomes-campaign-your-guide-to-making-a-disclosure,Second Incomes Campaign: your guide to making a disclosure,,guidance,shortlister,,0.0,Wrong sense,0,,"The page is about tax disclosure procedures under HMRC's Second Incomes Campaign and contains no content relating to probate, which is the only relevant sense of the inclusion topic.",Second Incomes Campaign tax disclosure guide,,97e551a7fa08566990dcd800d1a8435ccf573cddeac496ab48a5986cd728897b,https://www.gov.uk/government/publications/second-incomes-campaign-your-guide-to-making-a-disclosure/second-incomes-campaign-your-guide-to-making-a-disclosure,,
49,https://www.gov.uk/government/publications/hmrc-your-guide-to-making-a-disclosure/your-guide-to-making-a-disclosure,Make a voluntary disclosure to HMRC,,guidance,both,0.0043421937,0.0,Wrong sense,0,,"Page concerns tax disclosure procedures to HMRC, not probate-specific policies, procedures and rules.",Voluntary tax disclosure to HMRC,should_include,5a76924c82ffc5b9b52966c56c405557eeffd5ae6d6166ddb5fe1add63da2f13,https://www.gov.uk/government/publications/hmrc-your-guide-to-making-a-disclosure/your-guide-to-making-a-disclosure,,
50,https://www.gov.uk/government/publications/disguised-remuneration-detailed-settlement-terms/disguised-remuneration-detailed-settlement-terms,November 2017 disguised remuneration settlement terms,,guidance,shortlister,,0.0,Wrong sense,0,,"This page concerns tax settlement procedures for disguised remuneration schemes, not probate-specific policies, procedures and rules.",Disguised remuneration settlement terms and tax liabilities,,438026579f8dbd591d40411dfc02ad0784a75bcdaeb8e5eaf8a702fa9d83fbd3,https://www.gov.uk/government/publications/disguised-remuneration-detailed-settlement-terms/disguised-remuneration-detailed-settlement-terms,,
51,https://www.gov.uk/government/publications/credit-card-sales-campaign-your-guide-to-making-a-disclosure/credit-card-sales-campaign-your-guide-to-making-a-disclosure,Credit Card Sales campaign: your guide to making a disclosure,,guidance,both,0.002017367,0.0,Wrong sense,0,,"The page concerns tax disclosure procedures and HMRC campaigns, not probate-specific policies, procedures and rules.",HMRC Credit Card Sales tax disclosure campaign,,d44f15ed0514e4803773e96b50b916443cdf2a5c408d23b7a3999d887dcd82da,https://www.gov.uk/government/publications/credit-card-sales-campaign-your-guide-to-making-a-disclosure/credit-card-sales-campaign-your-guide-to-making-a-disclosure,,
52,https://www.gov.uk/government/publications/data-protection-act-dpa-information-hm-revenue-and-customs-hold-about-you/data-protection-act-dpa-information-hm-revenue-and-customs-hold-about-you,HMRC Privacy Notice,,guidance,shortlister,,0.0,Wrong sense,0,,"The page concerns HMRC's general privacy and data protection policies, not probate-specific policies, procedures, or rules.",HMRC data protection and privacy procedures,should_include,bd3b42ab5c2fd24d38993ff0dd4441db4dd9dc1568fef385500c4757df3408fa,https://www.gov.uk/government/publications/data-protection-act-dpa-information-hm-revenue-and-customs-hold-about-you/data-protection-act-dpa-information-hm-revenue-and-customs-hold-about-you,,
53,https://www.gov.uk/government/publications/death-personal-representatives-and-legatees-hs282-self-assessment-helpsheet/hs282-death-personal-representatives-and-legatees-2026,"HS282 Death, personal representatives and legatees (2026)",,guidance,both,0.0066408236,0.0,Wrong sense,0,,"The page is about CGT taxation rules for estates and personal representatives, not about probate-specific policies, procedures and rules that need to be followed in the probate process.",Capital Gains Tax rules for deceased persons and personal representatives,should_include,9741a5c8f37eb3232485c8fb7f498a09dc71a765ffe5a32bf8461c0a74f985d8,https://www.gov.uk/government/publications/death-personal-representatives-and-legatees-hs282-self-assessment-helpsheet/hs282-death-personal-representatives-and-legatees-2026,,
54,https://www.gov.uk/government/publications/inheritance-tax-on-main-residence-nil-rate-band-and-downsizing-proposals-technical-note/inheritance-tax-on-main-residence-nil-rate-band-and-downsizing-proposals-technical-note,Inheritance Tax on main residence nil-rate band and downsizing proposals: technical note,,guidance,shortlister,,0.0,Wrong sense,0,,"The page concerns inheritance tax policy and design, not probate-specific policies, procedures, and rules that need to be followed in the probate process itself.",Residence nil-rate band and downsizing proposals for inheritance tax,should_include,b8393e5c4ecf012bc99d6b45d44d58063d4d1a6f9c1208bea908e40307ffae91,https://www.gov.uk/government/publications/inheritance-tax-on-main-residence-nil-rate-band-and-downsizing-proposals-technical-note/inheritance-tax-on-main-residence-nil-rate-band-and-downsizing-proposals-technical-note,,
55,https://www.gov.uk/government/publications/death-personal-representatives-and-legatees-hs282-self-assessment-helpsheet/hs282-death-personal-representatives-and-legatees-2024,"HS282 Death, personal representatives and legatees (2024)",,guidance,both,0.0066408236,0.0,Wrong sense,0,,"The page is about CGT taxation rules for deceased persons and their estates, not about probate-specific policies, procedures and rules that need to be followed.",Capital Gains Tax when someone dies,should_include,108a5062b0d4758991bd258108bf179a9637324a66d894ecd76fa0536ff66d53,https://www.gov.uk/government/publications/death-personal-representatives-and-legatees-hs282-self-assessment-helpsheet/hs282-death-personal-representatives-and-legatees-2024,,
56,https://www.gov.uk/government/publications/employee-benefit-trusts-settlement-opportunity/employee-benefit-trust-settlement-opportunity-guidance-august-2012,Employee Benefit Trust: settlement opportunity guidance August 2012,,guidance,shortlister,,0.0,Wrong sense,0,,"The page concerns tax settlement procedures for Employee Benefit Trusts, not probate-specific policies, procedures and rules.",Employee Benefit Trust settlement opportunity and tax liabilities,,981984134135e66e8f7b2e3fe0e4106de803ca90dcf641daa7b53fcca6f2c7b0,https://www.gov.uk/government/publications/employee-benefit-trusts-settlement-opportunity/employee-benefit-trust-settlement-opportunity-guidance-august-2012,,
57,https://www.gov.uk/government/publications/charities-detailed-guidance-notes/chapter-5-giving-land-buildings-shares-and-securities-to-charity,"Chapter 5: Giving land, buildings, shares and securities to charity",,guidance,both,0.0003116867,0.0,Wrong sense,0,,"The page concerns tax relief policies and procedures for charitable donations, not probate-specific policies, procedures and rules.",Tax relief for charitable gifts of investments and property,,3dc91863087d6a266c5917e171bd259928f8eacfe5bd38aa83c8b6e9b8495463,https://www.gov.uk/government/publications/charities-detailed-guidance-notes/chapter-5-giving-land-buildings-shares-and-securities-to-charity,,
58,https://www.gov.uk/government/publications/pensions-schemes-newsletter-178-february-2026/newsletter-178-february-2026,Newsletter 178 — February 2026,,guidance,shortlister,,0.0,Wrong sense,0,,"The page concerns pension scheme policies and procedures, not probate-specific policies, procedures and rules.",Pension schemes administration and policy updates,,938df17da1e1a714452a698d74affad3213f421418d0ccf9339fa75fc5100f66,https://www.gov.uk/government/publications/pensions-schemes-newsletter-178-february-2026/newsletter-178-february-2026,,
59,https://www.gov.uk/government/publications/hmrc-inheritance-tax-toolkit,Inheritance Tax toolkit,,guidance,both,0.03584615,0.0,Wrong sense,0,,"The page is about Inheritance Tax and tax forms, not probate-specific policies, procedures and rules that need to be followed.",Inheritance Tax guidance and form IHT400,,eea4770b65bcd6a69cd0090212c423c743fd36f1cfbfaa840825d4619d26b4fc,https://www.gov.uk/government/publications/hmrc-inheritance-tax-toolkit,,
60,https://www.gov.uk/government/publications/employee-benefit-trusts-settlement-opportunity/spotlights-6-and-5,Spotlights 6 and 5,,guidance,shortlister,,0.0,Wrong sense,0,,"The page concerns tax treatment of retirement schemes and employee trusts, not probate-specific policies, procedures or rules.",Employer-financed retirement benefits and employee reward schemes,,c545a9bce4ffc002998ef7e8426e993ede6642fc6b292f5f0677a94f0d353420,https://www.gov.uk/government/publications/employee-benefit-trusts-settlement-opportunity/spotlights-6-and-5,,
61,https://www.gov.uk/government/publications/gaar-advisory-panel-opinion-of-29-october-2024-reducing-the-value-of-an-estate-for-inheritance-tax-and-avoiding-inheritance-tax-on-a-lifetime-transfe,GAAR Advisory Panel opinion of 29 October 2024: Reducing the value of an estate for Inheritance Tax and avoiding Inheritance Tax on a lifetime transfer by acquiring shares in a company and gifting those shares to an employee trust,Use the General Anti-Abuse Rule (GAAR) Advisory Panel opinion to help you recognise when arrangements may be abusive tax arrangements.,guidance,both,0.019097716,0.0,Wrong sense,0,,"The page concerns tax avoidance arrangements and GAAR guidance, not probate-specific policies, procedures, and rules that need to be followed.",GAAR Advisory Panel opinion on Inheritance Tax avoidance arrangements,should_include,0aefe76acd0d61ce435799c15044a0f569b63766d4fc30043fd56ba2b89547ac,https://www.gov.uk/government/publications/gaar-advisory-panel-opinion-of-29-october-2024-reducing-the-value-of-an-estate-for-inheritance-tax-and-avoiding-inheritance-tax-on-a-lifetime-transfe,,
62,https://www.gov.uk/government/publications/compliance-checks-penalties-for-income-tax-and-capital-gains-tax-for-offshore-matters-ccfs17/compliance-checks-penalties-for-offshore-non-compliance-ccfs17,Compliance checks — CC/FS17: penalties for offshore non-compliance,,guidance,shortlister,,0.0,Wrong sense,0,,"Page concerns tax compliance penalties and procedures, not probate-specific policies, procedures and rules.",Penalties for offshore tax non-compliance,should_include,44f6253e2c3fbdcb9d39cee96d109bbe7297259f44a2d21cb99d5487c9235e32,https://www.gov.uk/government/publications/compliance-checks-penalties-for-income-tax-and-capital-gains-tax-for-offshore-matters-ccfs17/compliance-checks-penalties-for-offshore-non-compliance-ccfs17,,
63,https://www.gov.uk/government/publications/charities-newsletter-2-march-2026/newsletter-2-march-2026,Newsletter 2 — March 2026,,guidance,both,0.003216826,0.0,Wrong sense,0,,"The page contains no content about probate-specific policies, procedures, or rules; it addresses charity tax compliance, Gift Aid, and company filing requirements instead.",Charity tax compliance and administrative changes,,662708a3009fd8d39760f6a1ddcd600cba9ce4c89814bf47bcf3e3137ae515b3,https://www.gov.uk/government/publications/charities-newsletter-2-march-2026/newsletter-2-march-2026,,
64,https://www.gov.uk/government/publications/inheritance-tax-forms-commercial-software-suppliers/inheritance-tax-forms-commercial-software-suppliers,Inheritance Tax forms: commercial software suppliers,,guidance,shortlister,,0.0,Wrong sense,0,,"The page is about commercial software suppliers and form completion tools; it does not discuss probate-specific policies, procedures, or rules that need to be followed.",Commercial software suppliers for Inheritance Tax forms,should_include,d8ff6ce206ed399613a41d53e64162e17dd40440280dd0f05154a575f6b8f539,https://www.gov.uk/government/publications/inheritance-tax-forms-commercial-software-suppliers/inheritance-tax-forms-commercial-software-suppliers,,
65,https://www.gov.uk/government/publications/pensions-schemes-newsletter-166-january-2025,Pensions schemes newsletter 166 — January 2025,"Newsletter 166, published by HMRC in January 2025 to update stakeholders on the latest news for pension schemes.",guidance,both,0.0043718126,0.0,Wrong sense,0,,"The page is about pension schemes policy updates, not probate-specific policies, procedures, and rules.",Pension schemes newsletter and updates,should_include,68fb78b66d00893810c624feeb285ecd2cea6e1dc3c46699a039879d30b412ba,https://www.gov.uk/government/publications/pensions-schemes-newsletter-166-january-2025,,
66,https://www.gov.uk/government/publications/solicitors-tax-campaign-your-guide-to-making-a-disclosure/solicitors-tax-campaign-your-guide-to-making-a-disclosure,Solicitors' Tax campaign: your guide to making a disclosure,,guidance,shortlister,,0.0,Wrong sense,0,,"The page concerns tax disclosure procedures for solicitors, not probate-specific policies, procedures, or rules. While it mentions disclosures 'on behalf of someone else (for example, if you're a personal representative of a deceased person)', this is merely one incidental application context, not the page's focus.",Solicitors' tax disclosure campaign for undisclosed tax liabilities,should_include,a17e6f89779872372a03adb000e31abff9cd4abec8d364a71543dd69de4f2fe7,https://www.gov.uk/government/publications/solicitors-tax-campaign-your-guide-to-making-a-disclosure/solicitors-tax-campaign-your-guide-to-making-a-disclosure,,
67,https://www.gov.uk/government/publications/non-domicile-taxation-technical-briefing-on-overseas-trusts/non-domicile-taxation-technical-briefing-on-overseas-trusts,Non-domicile taxation: technical briefing on overseas trusts,,guidance,both,0.0032179793,0.0,Wrong sense,0,,"The page concerns taxation policy and legislation for overseas trusts, not probate-specific policies, procedures, and rules.",Non-domicile taxation and overseas trust legislation,,925130ff99b636de51426722dc488c9233f16b99f6e5ab7d344f0789d4e19f3c,https://www.gov.uk/government/publications/non-domicile-taxation-technical-briefing-on-overseas-trusts/non-domicile-taxation-technical-briefing-on-overseas-trusts,,
68,https://www.gov.uk/government/publications/compliance-checks-unannounced-visits-for-inspections-ccfs4/unannounced-visits-for-inspections-ccfs4,Unannounced visits for inspections — CC/FS4,,guidance,shortlister,,0.0,Wrong sense,0,,"This page concerns tax inspection procedures by HMRC, not probate-specific policies, procedures, and rules.",HMRC unannounced inspection procedures and taxpayer rights,,4ef64557794ddbff49a9d68c560b065d3331699a25b85a8d1beaeeb4c9cc5253,https://www.gov.uk/government/publications/compliance-checks-unannounced-visits-for-inspections-ccfs4/unannounced-visits-for-inspections-ccfs4,,
69,https://www.gov.uk/government/publications/promoters-of-tax-avoidance-schemes-guidance/promoters-of-tax-avoidance-schemes-guidance,Promoters of tax avoidance schemes — guidance,,guidance,both,0.0018824368,0.0,Wrong sense,0,,"The page concerns tax avoidance scheme promotion rules and procedures, not probate-specific policies, procedures, or rules.",Promoters of tax avoidance schemes legislation and guidance,,37bb52858bb839109739073ea8b29c3063f229ad10cc1e3bbec19e3948fba740,https://www.gov.uk/government/publications/promoters-of-tax-avoidance-schemes-guidance/promoters-of-tax-avoidance-schemes-guidance,,
70,https://www.gov.uk/government/publications/spotlight-5-using-trusts-and-similar-entities-to-reward-employees-paye-and-national-insurance-contributions-corporation-tax-and-inheritance-tax/spotlight-5-using-trusts-and-similar-entities-to-reward-employees-paye-and-national-insurance-contributions-corporation-tax-and-inheritance-tax,"PAYE and National Insurance contributions, Corporation Tax and Inheritance Tax: using trusts and similar entities to reward employees  (Spotlight 5)",,guidance,shortlister,,0.0,Wrong sense,0,,"The page discusses tax avoidance schemes and HMRC's position on them, but contains no content about probate-specific policies, procedures, or rules that need to be followed in the probate sense.",Tax avoidance schemes using trusts for employee rewards,should_include,9b0bfcc677a0d218442fa3ddfb641ecdcc28eed4d2518618170af358e5c817dd,https://www.gov.uk/government/publications/spotlight-5-using-trusts-and-similar-entities-to-reward-employees-paye-and-national-insurance-contributions-corporation-tax-and-inheritance-tax/spotlight-5-using-trusts-and-similar-entities-to-reward-employees-paye-and-national-insurance-contributions-corporation-tax-and-inheritance-tax,,
71,https://www.gov.uk/government/publications/disclosure-of-tax-avoidance-schemes-hallmark-regulations-summary-of-responses-and-next-steps,Disclosure of Tax Avoidance Schemes: hallmark regulations - summary of responses and next steps,Summary of response on draft changes to the exisiting Disclosure of Tax Avoidance Schemes (DOTAS) hallmark regulations along with draft regulations for a new financial products hallmark. ,guidance,both,0.0060021994,0.0,Wrong sense,0,,"The page concerns tax avoidance disclosure schemes and Inheritance Tax regulations, not probate-specific policies, procedures and rules.",Tax avoidance disclosure schemes and hallmark regulations,,e522aa97eea251a2b25e0a6844e50788265881d0f7d9aab2cdf050ff94a73257,https://www.gov.uk/government/publications/disclosure-of-tax-avoidance-schemes-hallmark-regulations-summary-of-responses-and-next-steps,,
72,https://www.gov.uk/government/publications/pension-schemes-newsletter-164-october-2024/newsletter-164-october-2024,Newsletter 164 — October 2024,,guidance,shortlister,,0.0,Wrong sense,0,,"The page discusses pension tax policy changes and inheritance tax rules on pensions, not probate-specific policies, procedures and rules that need to be followed.",Autumn Budget 2024 pension tax changes,should_include,4ed8453731501cd283c7ff8211a5858ab12d22e9bb5da489c95544b4ab95c9dd,https://www.gov.uk/government/publications/pension-schemes-newsletter-164-october-2024/newsletter-164-october-2024,,
73,https://www.gov.uk/government/publications/inheritance-tax-service-availability-and-issues,Inheritance Tax: service availability and issues,Check the availability and any issues affecting the Inheritance Tax online service.,guidance,both,0.0301995,0.0,Wrong sense,0,,"The page is about service availability and technical issues, not about probate-specific policies, procedures, and rules that need to be followed.",Inheritance Tax online service availability,,c5900c1f87fd3b9a16e7587c0008e1304f7171bfb163f086420e7fbbe9ce6ee8,https://www.gov.uk/government/publications/inheritance-tax-service-availability-and-issues,,
74,https://www.gov.uk/government/publications/pensions-schemes-newsletter-175-november-2025/newsletter-175-november-2025,Newsletter 175 — November 2025,,guidance,shortlister,,0.0,Wrong sense,0,,"The page contains no content about probate-specific policies, procedures, or rules; it addresses pension taxation and scheme administration changes.",Autumn Budget 2025 pension tax announcements,should_include,8bce4b1f45ab16185988d06628040921594b4bf8ffa8d34c895028d5b0461cdb,https://www.gov.uk/government/publications/pensions-schemes-newsletter-175-november-2025/newsletter-175-november-2025,,
75,https://www.gov.uk/government/publications/agent-update-issue-143/issue-143-of-agent-update,Issue 143 of Agent Update ,,guidance,both,0.0011861976,0.0,Wrong sense,0,,"The page contains no probate-specific content; it is about general tax policy updates, procedures, and legislative changes for tax agents and professionals across various tax areas (CIS, VAT, Capital Gains Tax, etc.) but not probate.",Technical tax updates and legislative changes for agents,,6a760dbae3e7e9c204a7dbfaebfe87387461f0c885af788ecb148014e1dd7474,https://www.gov.uk/government/publications/agent-update-issue-143/issue-143-of-agent-update,,
76,https://www.gov.uk/government/publications/pensions-schemes-newsletter-177-january-2026/newsletter-177-january-2026,Newsletter 177 — January 2026,,guidance,shortlister,,0.0,Wrong sense,0,,"The page concerns pension scheme administration policies and procedures, not probate-specific policies, procedures and rules.",HMRC pension schemes and relief at source administration updates,,c4da9ab5f08d123c7052f9f4a74a95693bb9b4cf28019ca19f1658286ddd3f73,https://www.gov.uk/government/publications/pensions-schemes-newsletter-177-january-2026/newsletter-177-january-2026,,
77,https://www.gov.uk/government/publications/tackling-disguised-remuneration-technical-update/tackling-disguised-remuneration-technical-update,Tackling disguised remuneration technical update,,guidance,both,0.0029045432,0.0,Wrong sense,0,,"The page concerns tax legislation on disguised remuneration schemes, not probate-specific policies, procedures and rules.",Disguised remuneration tax avoidance legislation and procedures,,654bf70edae09beabfa81ef610db29a9fed106a7836dd6b65612af0c7a5b4b3a,https://www.gov.uk/government/publications/tackling-disguised-remuneration-technical-update/tackling-disguised-remuneration-technical-update,,
78,https://www.gov.uk/government/publications/tax-on-contractor-loans/tax-on-contractor-loans-extended-time-limit-and-more-information,Tax on contractor loans: extended time limit and more information,,guidance,shortlister,,0.0,Wrong sense,0,,"The page concerns tax settlement procedures for contractor loan schemes, not probate-specific policies, procedures and rules.",Contractor Loans Settlement Opportunity tax resolution,should_include,ebf6079d1b5b10a2adcdcac0bb8d920855c32a80bec17d15d432fd048ed86202,https://www.gov.uk/government/publications/tax-on-contractor-loans/tax-on-contractor-loans-extended-time-limit-and-more-information,,
79,https://www.gov.uk/government/publications/capital-taxation-and-tax-exempt-heritage-assets,Capital taxation and tax-exempt heritage assets,"Guidance on Inheritance Tax exemptions and reliefs policy, and Capital Gains Tax reliefs policy for national heritage property.",guidance,both,0.010981925,0.0,Wrong sense,0,,"The page discusses tax policy and reliefs for heritage assets, not probate-specific policies, procedures, and rules that need to be followed.",Inheritance Tax and Capital Gains Tax reliefs for heritage assets,should_include,9b73923ed88f5408e468dfc8924f26e165c771079fe2a603cc7cb87628b6a073,https://www.gov.uk/government/publications/capital-taxation-and-tax-exempt-heritage-assets,,
80,https://www.gov.uk/government/publications/compliance-checks-factsheets-third-party-information-notices-ccfs23/third-party-information-notices-ccfs23,Third party information notices — CC/FS23,,guidance,shortlister,,0.0,Wrong sense,0,,"The page concerns tax compliance procedures and rules for information notices, not probate-specific policies, procedures or rules.",Third party information notices for tax compliance,should_include,f830d3ba71d36bb221775bc6ba1c928941350f21bf42f1fcf4e1e4363bc680d3,https://www.gov.uk/government/publications/compliance-checks-factsheets-third-party-information-notices-ccfs23/third-party-information-notices-ccfs23,,
81,https://www.gov.uk/government/publications/employee-benefit-trust-settlements-after-31-july-2015/employee-benefit-trust-settlements-after-31-july-2015,Employee Benefit Trust settlements after 31 July 2015,,guidance,both,0.0034481501,0.0,Wrong sense,0,,"The page concerns tax settlement procedures for Employee Benefit Trusts, not probate-specific policies, procedures and rules.",Employee Benefit Trust settlement procedures and tax treatment,,5a9106b6849462116651517b8dd8f3a5a1ef87386abbd9ef13a9161ca7838045,https://www.gov.uk/government/publications/employee-benefit-trust-settlements-after-31-july-2015/employee-benefit-trust-settlements-after-31-july-2015,,
82,https://www.gov.uk/government/publications/employee-benefit-trusts-settlement-opportunity/employee-benefit-trusts-settlement-opportunity,Employee Benefit Trusts: settlement opportunity,,guidance,shortlister,,0.0,Wrong sense,0,,"The page discusses tax settlement procedures for Employee Benefit Trusts, not probate-specific policies, procedures and rules.",Employee Benefit Trusts settlement initiative,,08504f3095d7c376160e8678d5f7df2e5a0c3fb33d5807a6bbe6ff5594c1a074,https://www.gov.uk/government/publications/employee-benefit-trusts-settlement-opportunity/employee-benefit-trusts-settlement-opportunity,,
83,https://www.gov.uk/government/publications/residence-domicile-and-remittance-basis-rules-uk-tax-liability/guidance-note-for-residence-domicile-and-the-remittance-basis-rdr1,"Guidance note for residence, domicile and the remittance basis: RDR1",,guidance,both,0.0013012618,0.0,Wrong sense,0,,"The page concerns tax residence and domicile rules for income tax and capital gains tax purposes, not probate-specific policies, procedures and rules.","UK tax residence, domicile and remittance basis",should_include,53959b2c6c569630c77f47f19def4c579aa3396daaf2aba9761e9ef6188c9b7d,https://www.gov.uk/government/publications/residence-domicile-and-remittance-basis-rules-uk-tax-liability/guidance-note-for-residence-domicile-and-the-remittance-basis-rdr1,,
84,https://www.gov.uk/government/publications/compliance-checks-large-and-complex-businesses-ccfs1c/general-information-about-compliance-checks-into-certain-large-and-complex-businesses,General information about compliance checks into large and complex businesses,,guidance,shortlister,,0.0,Wrong sense,0,,"The page is about tax compliance checks by HMRC, not probate-specific policies, procedures and rules.",HMRC compliance checks for large and complex businesses,should_include,683d19190435f25df1480171b7863272bb45d7f84a2ea8f596ee338fa57fdd05,https://www.gov.uk/government/publications/compliance-checks-large-and-complex-businesses-ccfs1c/general-information-about-compliance-checks-into-certain-large-and-complex-businesses,,
85,https://www.gov.uk/government/publications/inheritance-tax-forms-commercial-software-suppliers,Inheritance Tax forms: commercial software suppliers,Details of the approved commercial suppliers who provide software to complete some Inheritance Tax forms. ,guidance,both,0.030229958,0.0,Wrong sense,0,,"Page is about commercial software suppliers for Inheritance Tax forms, not about probate-specific policies, procedures, and rules that need to be followed.",Approved commercial software suppliers for Inheritance Tax forms,should_include,de70e91b8ebff871d912300a204585bb56d67190508739c18c4d8d59960f0a40,https://www.gov.uk/government/publications/inheritance-tax-forms-commercial-software-suppliers,,
86,https://www.gov.uk/government/publications/compliance-checks-alternative-dispute-resolution-ccfs21/compliance-checks-alternative-dispute-resolution-ccfs21,Alternative dispute resolution — CC/FS21	,,guidance,shortlister,,0.0,Wrong sense,0,,"The page concerns tax dispute resolution procedures with HMRC, not probate-specific policies, procedures and rules.",Alternative dispute resolution for tax disputes,,69013ecd9c68f8cb436cb25591a8ef0766a75741a975a36344eebfcaed4d0344,https://www.gov.uk/government/publications/compliance-checks-alternative-dispute-resolution-ccfs21/compliance-checks-alternative-dispute-resolution-ccfs21,,
87,https://www.gov.uk/government/publications/spotlight-5-using-trusts-and-similar-entities-to-reward-employees-paye-and-national-insurance-contributions-corporation-tax-and-inheritance-tax,"PAYE and National Insurance contributions, Corporation Tax and Inheritance Tax: using trusts and similar entities to reward employees  (Spotlight 5)",,guidance,both,0.017882098,0.0,Wrong sense,0,,"The page concerns tax avoidance schemes and trusts for employee compensation, not probate-specific policies, procedures and rules.",Tax avoidance schemes using trusts for employee rewards,,63c97039e1b1cefce30a2c3c569cb615e5309aa79632271217732b7b4807fc0d,https://www.gov.uk/government/publications/spotlight-5-using-trusts-and-similar-entities-to-reward-employees-paye-and-national-insurance-contributions-corporation-tax-and-inheritance-tax,,
88,https://www.gov.uk/government/publications/compliance-checks-tax-avoidance-schemes-accelerated-payments-ccfs24/tax-avoidance-schemes-accelerated-payments,Tax avoidance schemes — accelerated payments,,guidance,shortlister,,0.0,Wrong sense,0,,"The page concerns tax avoidance schemes and payment procedures, not probate-specific policies, procedures, and rules.",Tax avoidance schemes and accelerated payments,,5a10facef5f8668d73acaecbc6a9a51b3d5f1e8ea0bc63bbc20d9f6273988ea1,https://www.gov.uk/government/publications/compliance-checks-tax-avoidance-schemes-accelerated-payments-ccfs24/tax-avoidance-schemes-accelerated-payments,,
89,https://www.gov.uk/government/publications/compliance-checks-serial-tax-avoidance-regime-ccfs38a/serial-tax-avoidance-regime-ccfs38a,Serial tax avoidance regime — CC/FS38a,,guidance,both,0.0016398209,0.0,Wrong sense,0,,"The page concerns tax avoidance policy and HMRC procedures, not probate-specific policies, procedures, and rules.",Serial tax avoidance regime (STAR) rules and procedures,,f7775faece8662fa31bc444bf7b9a39f13867a45f3696d51e6fbbdbd70dd358d,https://www.gov.uk/government/publications/compliance-checks-serial-tax-avoidance-regime-ccfs38a/serial-tax-avoidance-regime-ccfs38a,,
90,https://www.gov.uk/government/publications/pensions-schemes-newsletter-171-july-2025/newsletter-171-july-2025,Newsletter 171 — July 2025,,guidance,shortlister,,0.0,Wrong sense,0,,"The page concerns pension scheme administration, tax policy, and reporting requirements, but does not address probate-specific policies, procedures, or rules in the described sense.",Pension schemes administration and tax updates,should_include,993c5ae393193baac0712b05661efc7ba4c479557e05a38a7712941204f63c65,https://www.gov.uk/government/publications/pensions-schemes-newsletter-171-july-2025/newsletter-171-july-2025,,
91,https://www.gov.uk/government/publications/tackling-disguised-remuneration-draft-guidance-for-changes-to-part-7a/tackling-disguised-remuneration-draft-guidance-for-changes-to-part-7a,Tackling disguised remuneration: draft guidance for changes to Part 7A,,guidance,both,0.00069944264,0.0,Wrong sense,0,,"This page concerns employment income tax provisions under Part 7A ITEPA 2003, not probate procedures, policies, or rules.",Employment income tax rules for disguised remuneration,,6ee3f6c7bc7ba3bc81286f3648b6a9a66df486dc626acb95287d2a34bb12ee9f,https://www.gov.uk/government/publications/tackling-disguised-remuneration-draft-guidance-for-changes-to-part-7a/tackling-disguised-remuneration-draft-guidance-for-changes-to-part-7a,,
92,https://www.gov.uk/government/publications/compliance-checks-penalties-for-inaccuracies-in-returns-or-documents-ccfs7a/compliance-checks-for-penalties-of-inaccuracies-in-returns-or-documents-ccfs7a-factsheet,Compliance check series — CC/FS7A,,guidance,shortlister,,0.0,Wrong sense,0,,"This page concerns tax compliance penalties and procedures, not probate-specific policies, procedures and rules.",HMRC penalties for inaccurate tax returns and documents,,cbe50fea0bb5c8c39dab0966270a66fae858ca13eb56e53a6a3fcceaaf49c6dd,https://www.gov.uk/government/publications/compliance-checks-penalties-for-inaccuracies-in-returns-or-documents-ccfs7a/compliance-checks-for-penalties-of-inaccuracies-in-returns-or-documents-ccfs7a-factsheet,,
93,https://www.gov.uk/government/publications/rates-and-allowances-income-tax/income-tax-rates-and-allowances-current-and-past,Income Tax rates and allowances for current and previous tax years,,guidance,both,0.0045401934,0.0,Wrong sense,0,,"The page concerns general Income Tax policy and rates, not probate-specific policies, procedures, or rules that need to be followed in the probate process.",Income Tax rates and allowances,,49ede8d38fe295b3b161b47d0ce900f47d8107bab566fe55313a8d303c8e0d84,https://www.gov.uk/government/publications/rates-and-allowances-income-tax/income-tax-rates-and-allowances-current-and-past,,
94,https://www.gov.uk/government/publications/disguised-remuneration-settlement-terms-2020/disguised-remuneration-settlement-terms-2020,Disguised remuneration settlement terms 2020 for tax agents or advisers,,guidance,shortlister,,0.0,Wrong sense,0,,"The page concerns tax settlement procedures for disguised remuneration schemes, not probate-specific policies, procedures and rules.",Disguised remuneration settlement terms for tax agents,,cc446fd74bdf992110b8f6d5bd2f97279a72c9386cb03e4af8e07df40cf59090,https://www.gov.uk/government/publications/disguised-remuneration-settlement-terms-2020/disguised-remuneration-settlement-terms-2020,,
95,https://www.gov.uk/government/publications/find-out-about-serial-tax-avoidance-and-the-sanctions-that-can-apply/find-out-about-serial-tax-avoidance-and-the-sanctions-that-can-apply,Find out about serial tax avoidance and the sanctions that can apply,,guidance,both,0.0048005264,0.0,Wrong sense,0,,"The page concerns tax avoidance legislation and sanctions, not probate-specific policies, procedures, and rules.",Serial tax avoidance legislation and sanctions,,e05095a2b42812ee9781f7484da17b90736bb5b56299c45de306cd60f4df63d0,https://www.gov.uk/government/publications/find-out-about-serial-tax-avoidance-and-the-sanctions-that-can-apply/find-out-about-serial-tax-avoidance-and-the-sanctions-that-can-apply,,
96,https://www.gov.uk/government/publications/compliance-checks-penalties-for-enablers-of-offshore-tax-evasion-or-non-compliance-ccfs17a/penalties-for-enablers-of-offshore-tax-evasion-or-non-compliance-ccfs17a,Penalties for enablers of offshore tax evasion or non-compliance CC/FS17a,,guidance,shortlister,,0.0,Wrong sense,0,,"This page concerns tax penalties and compliance procedures, not probate-specific policies, procedures, or rules.",Enabler penalties for offshore tax evasion,should_include,cf49837b8d8c59572c53bc83b5cd574a0dbbedab5df3217624f63c2623f55e08,https://www.gov.uk/government/publications/compliance-checks-penalties-for-enablers-of-offshore-tax-evasion-or-non-compliance-ccfs17a/penalties-for-enablers-of-offshore-tax-evasion-or-non-compliance-ccfs17a,,
97,https://www.gov.uk/government/publications/agent-update-issue-130/issue-130-of-agent-update,Issue 130 of Agent Update ,,guidance,both,0.002750471,0.0,Wrong sense,0,,"The page contains no content about probate-specific policies, procedures, or rules; it focuses on tax administration updates for agents.",Technical updates and reminders for UK tax agents,,39c930fc41b8e40d3b4d0d64e25ebdad3f473e1ebe81a6a243a944b8977db7ed,https://www.gov.uk/government/publications/agent-update-issue-130/issue-130-of-agent-update,,
98,https://www.gov.uk/government/publications/employer-bulletin-august-2025/august-2025-issue-of-the-employer-bulletin,August 2025 issue of the Employer Bulletin,,guidance,shortlister,,0.0,Wrong sense,0,,"The page contains no content about probate-specific policies, procedures or rules; it covers employment tax, payroll administration, and employment rights matters.",August 2025 employer tax and employment updates,,64dd589e35edc6b7b371f2e8fb3898f82f55f500dbaa554fc4067f23433b2753,https://www.gov.uk/government/publications/employer-bulletin-august-2025/august-2025-issue-of-the-employer-bulletin,,
99,https://www.gov.uk/government/publications/requesting-hmrc-data-guidance-for-public-bodies/how-to-request-data-from-hmrc,How to request data from HMRC,,guidance,both,0.0023185455,0.0,Wrong sense,0,,"The page concerns HMRC data sharing procedures for government departments, not probate-specific policies, procedures or rules.",Requesting data from HMRC for government use,,f33f75dcd945d2417a59b89d9850755fae2bb8ffe1692648eadd0bb49a72296b,https://www.gov.uk/government/publications/requesting-hmrc-data-guidance-for-public-bodies/how-to-request-data-from-hmrc,,
100,https://www.gov.uk/government/publications/rates-and-allowances-inheritance-tax-thresholds/inheritance-tax-thresholds,Inheritance Tax thresholds,,guidance,shortlister,,0.0,Wrong sense,0,,"The page contains only historical tax threshold data with no mention of probate-specific policies, procedures, or rules that need to be followed.",Historical Inheritance Tax thresholds and rates,should_include,c60cf3e5beeb4a87d1c3e5f2958226a0c3523e1258670fd484c926e6004bfa72,https://www.gov.uk/government/publications/rates-and-allowances-inheritance-tax-thresholds/inheritance-tax-thresholds,,
101,https://www.gov.uk/government/publications/pensions-schemes-newsletter-178-february-2026,Pensions schemes newsletter 178 — February 2026,"Newsletter 178, published by HMRC in February 2026 to update stakeholders on the latest news for pension schemes.",guidance,both,0.005074088,0.0,Wrong sense,0,,"The page is about pension schemes news and updates, not probate-specific policies, procedures, and rules.",HMRC pension schemes newsletter updates,should_include,6f218dc37d9eba41f8a62e35d3ba28d12c62c6e9a565890d634ea01563d44d10,https://www.gov.uk/government/publications/pensions-schemes-newsletter-178-february-2026,,
102,https://www.gov.uk/government/publications/compliance-checks-information-about-the-general-anti-abuse-rule-ccfs34a/information-about-the-general-anti-abuse-rule,Information about the general anti-abuse rule,,guidance,shortlister,,0.0,Wrong sense,0,,"The page concerns tax avoidance rules and procedures, not probate-specific policies, procedures or rules.",General anti-abuse rule for tax arrangements,,6556bb8f63b1bec193861a9ff5098b8ece99ae6cda07dbc97a117772113e8688,https://www.gov.uk/government/publications/compliance-checks-information-about-the-general-anti-abuse-rule-ccfs34a/information-about-the-general-anti-abuse-rule,,
103,https://www.gov.uk/government/publications/technical-briefing-on-foreign-domiciled-personsinheritance-tax-residential-property-changes,Technical briefing on foreign domiciled persons/Inheritance Tax residential property changes,,guidance,both,0.024055442,0.0,Wrong sense,0,,"Page concerns Inheritance Tax policy and rules for non-UK domiciled individuals, not probate-specific policies, procedures and rules that need to be followed.",Inheritance Tax rules on foreign domiciled persons and UK residential property,should_include,6aa31e0a7588c0b41c599203c6f438cb4a9c11ecc9e3afb5d6be5c5dc5ae1ab3,https://www.gov.uk/government/publications/technical-briefing-on-foreign-domiciled-personsinheritance-tax-residential-property-changes,,
104,https://www.gov.uk/government/publications/pension-schemes-newsletter-183-july-2026/newsletter-183-july-2026,Newsletter 183 — July 2026,,guidance,shortlister,,0.0,Wrong sense,0,,"The page concerns pension schemes policies and procedures, not probate-specific policies, procedures and rules.",Pension schemes policy updates and procedures,should_include,2eac6f54d49cbf4e9697f43c1b6d97de143174c4fb35f420050fadabfbbd456e,https://www.gov.uk/government/publications/pension-schemes-newsletter-183-july-2026/newsletter-183-july-2026,,
105,https://www.gov.uk/government/publications/compliance-checks-tax-avoidance-schemes-accelerated-payments-for-corporation-tax-and-group-relief-ccfs28/tax-avoidance-schemes-accelerated-payments-for-corporation-tax-and-group-relief-ccfs28,Tax avoidance schemes - accelerated payments for Corporation Tax and group relief CC/FS28,,guidance,both,0.0021604218,0.0,Wrong sense,0,,"The page concerns tax avoidance schemes and accelerated payment procedures, not probate-specific policies, procedures and rules.",Accelerated payments for tax avoidance schemes,,518642d7644d872bdd83b84ae51158751842b3a462f515c67d4eacaf73d34a0f,https://www.gov.uk/government/publications/compliance-checks-tax-avoidance-schemes-accelerated-payments-for-corporation-tax-and-group-relief-ccfs28/tax-avoidance-schemes-accelerated-payments-for-corporation-tax-and-group-relief-ccfs28,,
106,https://www.gov.uk/government/publications/pensions-schemes-newsletter-166-january-2025/newsletter-166-january-2025,Newsletter 166 — January 2025,,guidance,shortlister,,0.0,Wrong sense,0,,"The page covers pension taxation, scheme administration procedures, and tax compliance rules, but contains no content about probate-specific policies, procedures, or rules.",Pension scheme administration updates and tax guidance,should_include,90bafc76c8e735ea36a39a4a50d90c85e064b3c3584c697009f78eb6c2844952,https://www.gov.uk/government/publications/pensions-schemes-newsletter-166-january-2025/newsletter-166-january-2025,,
107,https://www.gov.uk/government/publications/pensions-schemes-newsletter-171-july-2025,Pensions schemes newsletter 171 — July 2025,,guidance,both,0.0060022217,0.0,Wrong sense,0,,"The page is about pension scheme policies and reforms, not probate-specific policies, procedures and rules.",Pension schemes updates and reforms,should_include,7bfc3d904aa6714f76d43a913fa900913cc011f8897c3ed67ff2aed7ce8cc33f,https://www.gov.uk/government/publications/pensions-schemes-newsletter-171-july-2025,,
108,https://www.gov.uk/government/publications/finance-bill-2015-changes-to-inheritance-tax,Finance Bill 2015: changes to Inheritance Tax,Draft guidance for the Inheritance Tax manual due to changes to Inheritance Tax legislation in Finance Bill 2015.,guidance,both,0.028970815,0.0,Wrong sense,0,,"The page concerns Inheritance Tax policy changes, not probate-specific policies, procedures and rules that need to be followed.",Inheritance Tax legislation changes in Finance Bill 2015,should_include,5d22280ab193c3d1d17d9c209b30470647f0312a3e251f6dc5504d618cc5fbc6,https://www.gov.uk/government/publications/finance-bill-2015-changes-to-inheritance-tax,,
109,https://www.gov.uk/government/publications/inheritance-tax-on-main-residence-nil-rate-band-and-downsizing-proposals-technical-note,Inheritance Tax on main residence nil-rate band and downsizing proposals: technical note,,guidance,both,0.022524334,0.0,Wrong sense,0,,"This page concerns Inheritance Tax policy proposals and technical details, not probate-specific policies, procedures and rules that need to be followed.",Inheritance Tax main residence nil-rate band proposals,should_include,fee3ae220fe41f152cb98f4c7372069e470e196c1a573957f35f45a6aba2fc81,https://www.gov.uk/government/publications/inheritance-tax-on-main-residence-nil-rate-band-and-downsizing-proposals-technical-note,,
110,https://www.gov.uk/government/publications/compliance-checks-unannounced-visits-for-inspections-approved-by-the-tribunal-ccfs5/unannounced-visits-for-inspections-approved-by-the-tribunal,Unannounced visits for inspections  approved by the tribunal,,guidance,both,0.0032185127,0.0,Wrong sense,0,,"The page concerns tax compliance inspections and procedures, not probate-specific policies, procedures, or rules.",Unannounced tax inspection visits approved by tribunal,,47971d65d1fa67793de48f49df1ca83c9575a9e980c5831300f6e88fa8a65cec,https://www.gov.uk/government/publications/compliance-checks-unannounced-visits-for-inspections-approved-by-the-tribunal-ccfs5/unannounced-visits-for-inspections-approved-by-the-tribunal,,
111,https://www.gov.uk/government/publications/technical-briefing-on-foreign-domiciled-persons-changes-announced-at-summer-budget-2015/technical-briefing-on-foreign-domiciled-persons-changes-announced-at-summer-budget-2015,Technical briefing on foreign domiciled persons changes announced at Summer Budget 2015,,guidance,both,0.0053405724,0.0,Wrong sense,0,,"The page concerns tax policy reforms for foreign domiciled persons, not probate-specific policies, procedures and rules.",Non-domiciled persons tax reforms announced at Summer Budget 2015,should_include,2979e425aaff79ed17d836e0fd0d557ba66443ba46df4316a63a7434aea148d7,https://www.gov.uk/government/publications/technical-briefing-on-foreign-domiciled-persons-changes-announced-at-summer-budget-2015/technical-briefing-on-foreign-domiciled-persons-changes-announced-at-summer-budget-2015,,
112,https://www.gov.uk/government/publications/tax-avoidance-general-anti-abuse-rules,Tax avoidance: general anti-abuse rule guidance - latest version,Use the general anti-abuse rule (GAAR) guidance to help you recognise abusive tax arrangements and the process for counteracting them.,guidance,both,0.004980054,0.0,Wrong sense,0,,"The page concerns tax avoidance rules and procedures, not probate-specific policies, procedures and rules.",General anti-abuse rule guidance for tax avoidance,should_include,1e436a9b6d97dba2241be2a041804f6490cbd688875456a5c150ea23064f460a,https://www.gov.uk/government/publications/tax-avoidance-general-anti-abuse-rules,,
113,https://www.gov.uk/government/publications/disguised-remuneration-independent-loan-charge-review/guidance,Disguised remuneration: guidance following the outcome of the 2019 independent loan charge review,,guidance,both,0.0027881064,0.0,Wrong sense,0,,"Page concerns tax avoidance and loan charge policy, not probate-specific policies, procedures, or rules.",Loan charge policy changes following independent review,,c02c3d8c5ea627bec2e093f430a78d79a8acfd798882730eb8a424e8ad71028e,https://www.gov.uk/government/publications/disguised-remuneration-independent-loan-charge-review/guidance,,
114,https://www.gov.uk/government/publications/compliance-checks-visits-by-agreement-or-advance-notice-ccfs3/visits-by-agreement-or-advance-notice-ccfs3,Visits by agreement or advance notice — CC/FS3,,guidance,both,0.0029724399,0.0,Wrong sense,0,,"The page concerns tax compliance visit procedures by HMRC, not probate-specific policies, procedures and rules.",HMRC business premises visits for compliance checks,,040755277990328b66c3b5b954dd6424529e1598aca5000a1a064ff457eeeb67,https://www.gov.uk/government/publications/compliance-checks-visits-by-agreement-or-advance-notice-ccfs3/visits-by-agreement-or-advance-notice-ccfs3,,
115,https://www.gov.uk/government/publications/gaar-advisory-panel-opinion-of-2-march-2020-reducing-an-estates-value-for-inheritance-tax-via-subscription-for-shares-in-a-new-company-and-gifting-s,GAAR Advisory Panel opinion of 2 March 2020: Reducing an estate's value for inheritance tax via subscription for shares in a new company and gifting shares to an employee succession trust,Use the GAAR Advisory Panel opinion on reducing an estate's value via subscription for shares in a new company and gifting shares to an employee succession trust to help you recognise abusive tax arrangements.,guidance,both,0.013364118,0.0,Wrong sense,0,,"The page concerns inheritance tax and anti-abuse rules, not probate-specific policies, procedures and rules that need to be followed.",GAAR Advisory Panel opinion on inheritance tax arrangements,should_include,9c6bf5c429b9dd73c608574c59c3f20c4d993d2a288809e0e640f9c8d7b83aa6,https://www.gov.uk/government/publications/gaar-advisory-panel-opinion-of-2-march-2020-reducing-an-estates-value-for-inheritance-tax-via-subscription-for-shares-in-a-new-company-and-gifting-s,,
116,https://www.gov.uk/government/publications/hm-revenue-and-customs-trusts-and-estates-newsletters,HMRC Trusts and Estates newsletters,"Newsletters published by HMRC, giving updates and guidance on Inheritance Tax and trusts.",guidance,both,0.01281319,0.0,Wrong sense,0,,"The page is about HMRC newsletters providing news and updates on Inheritance Tax and trusts, but contains no specific mention of probate-related policies, procedures, or rules.",HMRC newsletters on inheritance tax and trusts,should_include,027ad944222353327a4e7dc0e112c630052799716f2f97ca2223af48943d4314,https://www.gov.uk/government/publications/hm-revenue-and-customs-trusts-and-estates-newsletters,,
117,https://www.gov.uk/government/publications/gaar-advisory-panel-opinion-of-30-january-2026-reducing-the-value-of-an-estate-for-inheritance-tax-and-avoiding-inheritance-tax-on-a-lifetime-transfer--3,GAAR Advisory Panel opinion of 30 January 2026: reducing the value of an estate for Inheritance Tax and avoiding Inheritance Tax on a lifetime transfer by acquiring shares in a company and gifting those shares to an employee trust,Use the General Anti-Abuse Rule (GAAR) Advisory Panel opinion to help you recognise when arrangements may be abusive tax arrangements.,guidance,both,0.018932277,0.0,Wrong sense,0,,"Page concerns tax avoidance rules and Inheritance Tax policy, not probate-specific procedures and rules that need to be followed.",GAAR Advisory Panel opinion on tax avoidance arrangements,should_include,2942903ca99416d5b6b8432ba518abc9221ce6046cff831c99da33f560df2888,https://www.gov.uk/government/publications/gaar-advisory-panel-opinion-of-30-january-2026-reducing-the-value-of-an-estate-for-inheritance-tax-and-avoiding-inheritance-tax-on-a-lifetime-transfer--3,,
118,https://www.gov.uk/government/publications/practice-note-apportioning-the-price-paid-for-a-business-transferred-as-a-going-concern/practice-note-apportioning-the-price-paid-for-a-business-transferred-as-a-going-concern,Practice note: apportioning the price paid for a business transferred as a going concern,,guidance,both,0.00084833335,0.0,Wrong sense,0,,"The page concerns tax apportionment rules for business sales, not probate-specific policies, procedures, or rules.",Apportioning business purchase price for tax purposes,,c1953fdf688acbc7d74ce93f45a7182c683ec21822e518368a1a53296c21aa38,https://www.gov.uk/government/publications/practice-note-apportioning-the-price-paid-for-a-business-transferred-as-a-going-concern/practice-note-apportioning-the-price-paid-for-a-business-transferred-as-a-going-concern,,
119,https://www.gov.uk/government/publications/pension-schemes-newsletter-164-october-2024,Pension schemes newsletter 164 — October 2024,"Newsletter 164, published by HMRC in October 2024 to update stakeholders on the latest news for pension schemes.",guidance,both,0.0054300944,0.0,Wrong sense,0,,"The page is about pension scheme news and updates from HMRC, not probate-specific policies, procedures, or rules.",HMRC pension schemes newsletter updates,should_include,08887d3843d38d6baaccd9cfb4814374bba9819bbfe799f35ae3a051f3726124,https://www.gov.uk/government/publications/pension-schemes-newsletter-164-october-2024,,
120,https://www.gov.uk/government/publications/agent-update-issue-132/issue-132-of-agent-update,Issue 132 of Agent Update,,guidance,both,0.0013467417,0.0,Wrong sense,0,,"The page contains no mentions of probate, probate procedures, probate policies, or probate-specific rules in any section.",HMRC technical updates and reminders for tax agents,should_include,0d8ee0d84864cd83c2888d95ca1586d885122f69f3cf0639f5f0be90b8610fd3,https://www.gov.uk/government/publications/agent-update-issue-132/issue-132-of-agent-update,,
121,https://www.gov.uk/government/publications/compliance-checks-penalties-for-income-tax-and-capital-gains-tax-for-offshore-matters-ccfs17,Compliance checks: penalties for offshore non-compliance — CC/FS17,"Find out about higher penalties that HMRC may charge for Income Tax, Capital Gains Tax and Inheritance Tax when an offshore matter is involved.",guidance,both,0.009769254,0.0,Wrong sense,0,,"The page concerns tax compliance penalties for offshore matters, not probate-specific policies, procedures, or rules.",HMRC penalties for offshore tax non-compliance,,cbab1b534e4f03985144254df5ba19769b6a59eab90f3132483ecd6c428e837a,https://www.gov.uk/government/publications/compliance-checks-penalties-for-income-tax-and-capital-gains-tax-for-offshore-matters-ccfs17,,
122,https://www.gov.uk/government/publications/trusts-and-capital-gains-tax-hs294-self-assessment-helpsheet/hs294-trusts-and-capital-gains-tax-2026,HS294 Trusts and Capital Gains Tax (2026),,guidance,both,0.0056039053,0.0,Wrong sense,0,,"This page concerns trust taxation rules, not probate-specific policies, procedures and rules that need to be followed in the probate process.",Capital Gains Tax treatment of trusts,should_include,d4d4e6508c25c99d6d66c51700d2033885a7e90cb47e2dec4246d6c121fdf829,https://www.gov.uk/government/publications/trusts-and-capital-gains-tax-hs294-self-assessment-helpsheet/hs294-trusts-and-capital-gains-tax-2026,,
123,https://www.gov.uk/government/publications/tax-and-national-insurance-contributions-for-mps-and-ministers/tax-and-national-insurance-contributions-guidance-for-parliamentarians-and-ministers,Tax and National Insurance contributions — guidance for parliamentarians and ministers,,guidance,both,0.005701962,0.0,Wrong sense,0,,"The page concerns tax administration and procedures for parliamentarians, not probate-specific policies, procedures and rules.",Tax and National Insurance guidance for parliamentarians,should_include,2b726daf6faac8bcca65d0ac7c1af90112a4a0df0b54c55ee77efbcf958a05fc,https://www.gov.uk/government/publications/tax-and-national-insurance-contributions-for-mps-and-ministers/tax-and-national-insurance-contributions-guidance-for-parliamentarians-and-ministers,,
124,https://www.gov.uk/government/publications/let-property-campaign-your-guide-to-making-a-disclosure/let-property-campaign-your-guide-to-making-a-disclosure,Let Property Campaign: your guide to making a disclosure,,guidance,both,0.0014759896,0.0,Wrong sense,0,,"This page concerns tax disclosure procedures for landlords, not probate-specific policies, procedures and rules.",Let Property Campaign tax disclosure guide for landlords,,6f9558022ceae7936dede420055ed69d1a495896d3865e85c967f6f129facc65,https://www.gov.uk/government/publications/let-property-campaign-your-guide-to-making-a-disclosure/let-property-campaign-your-guide-to-making-a-disclosure,,
125,https://www.gov.uk/government/publications/relief-for-gifts-and-similar-transactions-hs295-self-assessment-helpsheet/hs295-relief-for-gifts-and-similar-transactions-2023,HS295 Relief for gifts and similar transactions (2023),,guidance,both,0.0071281763,0.0,Wrong sense,0,,"The page is about Capital Gains Tax (CGT) reliefs for gifts, not probate-specific policies, procedures and rules; the single mention of probate in a contact reference does not constitute probate-focused content.",Capital Gains Tax relief for gifts and similar transactions,should_include,00816458f8213fedad8d4b0bbd8828d19812d5026dbda5bb158fc7f79e5a6784,https://www.gov.uk/government/publications/relief-for-gifts-and-similar-transactions-hs295-self-assessment-helpsheet/hs295-relief-for-gifts-and-similar-transactions-2023,,
126,https://www.gov.uk/government/publications/pensions-schemes-newsletter-175-november-2025,Pensions schemes newsletter 175 — November 2025,,guidance,both,0.00618533,0.0,Wrong sense,0,,"The page is about pension schemes news and updates, not probate-specific policies, procedures and rules.",Pension schemes newsletter with budget and tax updates,should_include,4e4f5830801f2db96315c4e9e8466bb702bb225d8794231e33e8b2042be09971,https://www.gov.uk/government/publications/pensions-schemes-newsletter-175-november-2025,,
127,https://www.gov.uk/government/publications/gaar-advisory-panel-opinion-of-30-january-2026-reducing-the-value-of-an-estate-for-inheritance-tax-and-avoiding-inheritance-tax-on-a-lifetime-transfer--2,GAAR Advisory Panel opinion of 30 January 2026: reducing the value of an estate for Inheritance Tax and avoiding Inheritance Tax on a lifetime transfer by gifting shares held in an existing company to an employee trust,Use the General Anti-Abuse Rule (GAAR) Advisory Panel opinion to help you recognise when arrangements may be abusive tax arrangements,guidance,both,0.019554246,0.0,Wrong sense,0,,"The page concerns tax avoidance and the General Anti-Abuse Rule, not probate-specific policies, procedures, or rules.",GAAR Advisory Panel opinion on tax avoidance arrangements,should_include,7299ecfad41828a1e029d26de13c3bfdd2e457eb2155dc812f7e1fe968856240,https://www.gov.uk/government/publications/gaar-advisory-panel-opinion-of-30-january-2026-reducing-the-value-of-an-estate-for-inheritance-tax-and-avoiding-inheritance-tax-on-a-lifetime-transfer--2,,
128,https://www.gov.uk/government/publications/trusts-and-capital-gains-tax-hs294-self-assessment-helpsheet/hs294-trusts-and-capital-gains-tax-2025,HS294 Trusts and Capital Gains Tax (2025),,guidance,both,0.0056039053,0.0,Wrong sense,0,,"The page concerns Capital Gains Tax rules for trusts, not probate-specific policies, procedures and rules as described in the INCLUDE topic.",Capital Gains Tax treatment of trusts,should_include,621976e136542939c2c63c55edb0af45733f4073268e0dfea5ee5f9dbc3a2a06,https://www.gov.uk/government/publications/trusts-and-capital-gains-tax-hs294-self-assessment-helpsheet/hs294-trusts-and-capital-gains-tax-2025,,
129,https://www.gov.uk/government/publications/community-and-amateur-sports-club-newsletter-2-june-2023/newsletter-2-june-2023,Newsletter 2 — June 2023,,guidance,both,0.004251343,0.0,Wrong sense,0,,"The page concerns tax policies for CASCs and charities, not probate-specific policies, procedures, or rules.",Tax reliefs for community and amateur sports clubs,,acf9ebb3967c0276181c428820a28f2f0370ed373a0a181c182cfba5e0caaa26,https://www.gov.uk/government/publications/community-and-amateur-sports-club-newsletter-2-june-2023/newsletter-2-june-2023,,
130,https://www.gov.uk/government/publications/pensions-schemes-newsletter-177-january-2026,Pensions schemes newsletter 177 — January 2026,,guidance,both,0.005384149,0.0,Wrong sense,0,,"The page is about pension schemes policy updates including Inheritance Tax and relief at source, not probate-specific policies, procedures or rules.",Pension schemes newsletter updates,should_include,b35df65c298a2835bd21da64dd9b5ac65b5bc73781107ce2efc824ea9370e508,https://www.gov.uk/government/publications/pensions-schemes-newsletter-177-january-2026,,
131,https://www.gov.uk/government/publications/rates-and-allowances-inheritance-tax-thresholds-and-interest-rates,Rates and allowances: Inheritance Tax thresholds and interest rates,"Find the Inheritance Tax thresholds (or nil rate bands) from 1914, and see changes to Inheritance Tax interest rates from October 1988.",guidance,both,0.030097386,0.0,Wrong sense,0,,"The page is about Inheritance Tax rates and thresholds, not probate-specific policies, procedures, and rules that need to be followed.",Inheritance Tax thresholds and interest rates,should_include,39b963de29804a8d641f788a4769ea55782a3da56ec4d8f1283d29d2f171b7be,https://www.gov.uk/government/publications/rates-and-allowances-inheritance-tax-thresholds-and-interest-rates,,
132,https://www.gov.uk/government/publications/agent-update-issue-142/issue-142-of-agent-update,Issue 142 of Agent Update ,,guidance,both,0.002034709,0.0,Wrong sense,0,,"The page contains no mention of probate, probate procedures, probate policies, or probate-specific rules in any sense.",HMRC tax updates and procedural changes for agents,,118830db7fd9b56d0ca1308c9b2f8d8944f2bef940907419a45ef0810b6e42f0,https://www.gov.uk/government/publications/agent-update-issue-142/issue-142-of-agent-update,,
133,https://www.gov.uk/government/publications/pension-schemes-newsletter-183-july-2026,Pension schemes newsletter 183 — July 2026,,guidance,both,0.006342437,0.0,Wrong sense,0,,"The page is about pension scheme policy updates and news, not about probate-specific policies, procedures, and rules.",Pension schemes newsletter updates,should_include,c6fa3ef57c27bead2073699a16f66b6f92267c75ff44f341ff5e137c0f96ed7e,https://www.gov.uk/government/publications/pension-schemes-newsletter-183-july-2026,,
134,https://www.gov.uk/government/publications/charities-fit-and-proper-persons-test/guidance-on-the-fit-and-proper-persons-test,Guidance on the fit and proper persons test,,guidance,both,0.0013891967,0.0,Wrong sense,0,,"This page concerns charity tax relief eligibility and management standards, not probate-specific policies, procedures, and rules.",Fit and proper persons test for charity managers,,51db597e19ae1c1c08e4f3f87a5fdeb869e8b08cb7854f8f408ba1a9b12da505,https://www.gov.uk/government/publications/charities-fit-and-proper-persons-test/guidance-on-the-fit-and-proper-persons-test,,
135,https://www.gov.uk/government/publications/spotlight-12-taxing-the-rewards-for-work-carried-out-for-a-uk-based-employer-23-august-2011/spotlight-12-taxing-the-rewards-for-work-carried-out-for-a-uk-based-employer-23-august-2011,Taxing the rewards for work carried for a UK based employer (Spotlight 12),,guidance,both,0.0055222097,0.0,Wrong sense,0,,"The page concerns tax avoidance schemes and income tax rules, not probate-specific policies, procedures, or rules.",Tax avoidance schemes for UK employment income,should_include,6ffb1b259125498bc6b941384dd8eb3a683d895bb56964ef3e5fe8e128814894,https://www.gov.uk/government/publications/spotlight-12-taxing-the-rewards-for-work-carried-out-for-a-uk-based-employer-23-august-2011/spotlight-12-taxing-the-rewards-for-work-carried-out-for-a-uk-based-employer-23-august-2011,,
136,https://www.gov.uk/government/publications/relief-for-gifts-and-similar-transactions-hs295-self-assessment-helpsheet/hs295-relief-for-gifts-and-similar-transactions-2024,HS295 Relief for gifts and similar transactions (2024),,guidance,both,0.0071281763,0.0,Wrong sense,0,,"The page is about CGT reliefs for gifts and transactions, not probate-specific policies, procedures, and rules.",Capital Gains Tax relief for gifts and transactions,should_include,821624eb421df219d6f49aa91d5510812e7a9c2d8e83e25a6e8731da90214091,https://www.gov.uk/government/publications/relief-for-gifts-and-similar-transactions-hs295-self-assessment-helpsheet/hs295-relief-for-gifts-and-similar-transactions-2024,,
137,https://www.gov.uk/government/publications/disclosure-of-tax-avoidance-schemes-guidance/disclosure-of-tax-avoidance-schemes,Disclosure of tax avoidance schemes: guidance,,guidance,both,0.00290907,0.0,Wrong sense,0,,"The page concerns tax avoidance scheme disclosure rules and procedures, not probate-specific policies, procedures or rules.",Disclosure of tax avoidance schemes to HMRC,,6337bd44d34ced00f7436aa307377b60461891517f78420321ff1f8f4fd3148a,https://www.gov.uk/government/publications/disclosure-of-tax-avoidance-schemes-guidance/disclosure-of-tax-avoidance-schemes,,
138,https://www.gov.uk/government/publications/charities-detailed-guidance-notes/annex-i-tax-exemptions-for-charities,Annex i: tax exemptions for charities,,guidance,both,0.0003116867,0.0,Wrong sense,0,,"The page concerns charity tax exemptions and rules, not probate-specific policies, procedures, and rules that need to be followed.",Tax exemptions for charitable organizations,should_include,066312f469216015f99dd559deb04974bc2021c2f16ebb3a416cea410344686d,https://www.gov.uk/government/publications/charities-detailed-guidance-notes/annex-i-tax-exemptions-for-charities,,
139,https://www.gov.uk/government/publications/trusts-and-capital-gains-tax-hs294-self-assessment-helpsheet/hs294-trusts-and-capital-gains-tax-2023,HS294 Trusts and Capital Gains Tax (2023),,guidance,both,0.0056039053,0.0,Wrong sense,0,,"The page is about CGT rules for trusts, not probate-specific policies, procedures and rules that need to be followed.",Capital Gains Tax treatment of trusts,should_include,18059bb319a319d09d9384615b9da6e1f736784429b36a7308e998c1f5972667,https://www.gov.uk/government/publications/trusts-and-capital-gains-tax-hs294-self-assessment-helpsheet/hs294-trusts-and-capital-gains-tax-2023,,
140,https://www.gov.uk/government/publications/agent-update-issue-140/issue-140-of-agent-update,Issue 140 of Agent Update ,,guidance,both,0.0010888194,0.0,Wrong sense,0,,"The page contains no mentions of probate-specific policies, procedures, or rules; it covers tax and payroll matters for HMRC agents.",Tax updates and guidance for agents,should_include,e6c823000537a7d7e38dd3542eddb5ca2054845019432fcb05aa8e3b2cc46433,https://www.gov.uk/government/publications/agent-update-issue-140/issue-140-of-agent-update,,
